Frame,Vehicles,Lane1,Lane2,Lane3,Entered,Exited,Density,Signal
0,15,3,8,4,0,0,MEDIUM,GREEN (40 sec)
1,15,3,8,4,0,0,MEDIUM,GREEN (40 sec)
2,16,3,8,5,0,0,MEDIUM,GREEN (40 sec)
3,17,3,9,5,0,0,MEDIUM,GREEN (40 sec)
4,16,3,8,5,0,0,MEDIUM,GREEN (40 sec)
5,16,3,8,5,0,0,MEDIUM,GREEN (40 sec)
6,17,3,8,6,0,0,MEDIUM,GREEN (40 sec)
7,17,4,7,6,0,0,MEDIUM,GREEN (40 sec)
8,17,4,7,6,0,0,MEDIUM,GREEN (40 sec)
9,17,4,7,6,0,1,MEDIUM,GREEN (40 sec)
10,18,4,8,6,0,1,HIGH,GREEN (60 sec)
11,16,4,7,5,0,1,MEDIUM,GREEN (40 sec)
12,17,4,7,6,0,1,MEDIUM,GREEN (40 sec)
13,17,4,7,6,0,1,MEDIUM,GREEN (40 sec)
14,15,4,7,4,0,1,MEDIUM,GREEN (40 sec)
15,15,4,7,4,0,1,MEDIUM,GREEN (40 sec)
16,15,4,7,4,0,1,MEDIUM,GREEN (40 sec)
17,17,4,7,6,0,1,MEDIUM,GREEN (40 sec)
18,18,4,7,7,0,1,HIGH,GREEN (60 sec)
19,19,4,7,8,0,1,HIGH,GREEN (60 sec)
20,19,4,7,8,0,1,HIGH,GREEN (60 sec)
21,20,4,8,8,0,2,HIGH,GREEN (60 sec)
22,19,4,8,7,0,3,HIGH,GREEN (60 sec)
23,18,3,8,7,0,3,HIGH,GREEN (60 sec)
24,19,3,9,7,0,3,HIGH,GREEN (60 sec)
25,19,3,9,7,0,3,HIGH,GREEN (60 sec)
26,19,3,9,7,0,3,HIGH,GREEN (60 sec)
27,18,3,8,7,0,3,HIGH,GREEN (60 sec)
28,17,3,8,6,0,3,MEDIUM,GREEN (40 sec)
29,17,3,8,6,0,3,MEDIUM,GREEN (40 sec)
30,17,3,8,6,0,3,MEDIUM,GREEN (40 sec)
31,17,3,8,6,0,3,MEDIUM,GREEN (40 sec)
32,18,3,8,7,0,4,HIGH,GREEN (60 sec)
33,17,3,8,6,0,4,MEDIUM,GREEN (40 sec)
34,17,3,8,6,0,4,MEDIUM,GREEN (40 sec)
35,19,4,8,7,0,4,HIGH,GREEN (60 sec)
36,17,4,7,6,0,4,MEDIUM,GREEN (40 sec)
37,19,4,9,6,0,4,HIGH,GREEN (60 sec)
38,17,4,7,6,0,4,MEDIUM,GREEN (40 sec)
39,19,5,7,7,0,4,HIGH,GREEN (60 sec)
40,19,5,7,7,0,4,HIGH,GREEN (60 sec)
41,18,5,7,6,0,4,HIGH,GREEN (60 sec)
42,19,5,8,6,0,5,HIGH,GREEN (60 sec)
43,19,5,8,6,0,5,HIGH,GREEN (60 sec)
44,19,5,8,6,0,5,HIGH,GREEN (60 sec)
45,19,5,8,6,0,5,HIGH,GREEN (60 sec)
46,18,5,8,5,0,5,HIGH,GREEN (60 sec)
47,19,5,8,6,0,5,HIGH,GREEN (60 sec)
48,19,5,9,5,0,5,HIGH,GREEN (60 sec)
49,16,4,7,5,0,5,MEDIUM,GREEN (40 sec)
50,17,4,8,5,0,5,MEDIUM,GREEN (40 sec)
51,18,4,9,5,0,5,HIGH,GREEN (60 sec)
52,17,4,8,5,0,5,MEDIUM,GREEN (40 sec)
53,18,4,9,5,0,5,HIGH,GREEN (60 sec)
54,17,4,8,5,0,5,MEDIUM,GREEN (40 sec)
55,17,4,8,5,0,5,MEDIUM,GREEN (40 sec)
56,16,4,7,5,0,6,MEDIUM,GREEN (40 sec)
57,18,4,9,5,0,7,HIGH,GREEN (60 sec)
58,18,4,9,5,0,7,HIGH,GREEN (60 sec)
59,19,4,10,5,0,7,HIGH,GREEN (60 sec)
60,18,4,8,6,0,7,HIGH,GREEN (60 sec)
61,18,4,8,6,0,8,HIGH,GREEN (60 sec)
62,18,5,8,5,0,8,HIGH,GREEN (60 sec)
63,18,5,8,5,0,8,HIGH,GREEN (60 sec)
64,20,5,10,5,0,8,HIGH,GREEN (60 sec)
65,20,5,10,5,0,8,HIGH,GREEN (60 sec)
66,21,4,11,6,0,8,HIGH,GREEN (60 sec)
67,22,5,11,6,0,9,HIGH,GREEN (60 sec)
68,21,4,10,7,0,9,HIGH,GREEN (60 sec)
69,22,4,10,8,0,10,HIGH,GREEN (60 sec)
70,19,5,8,6,0,10,HIGH,GREEN (60 sec)
71,20,5,8,7,0,10,HIGH,GREEN (60 sec)
72,19,5,7,7,0,11,HIGH,GREEN (60 sec)
73,20,5,8,7,0,11,HIGH,GREEN (60 sec)
74,20,5,8,7,0,11,HIGH,GREEN (60 sec)
75,19,5,8,6,0,11,HIGH,GREEN (60 sec)
76,18,5,7,6,0,11,HIGH,GREEN (60 sec)
77,19,5,8,6,0,11,HIGH,GREEN (60 sec)
78,19,5,8,6,0,12,HIGH,GREEN (60 sec)
79,20,5,8,7,0,12,HIGH,GREEN (60 sec)
80,19,5,8,6,0,12,HIGH,GREEN (60 sec)
81,20,5,8,7,0,12,HIGH,GREEN (60 sec)
82,21,5,8,8,0,12,HIGH,GREEN (60 sec)
83,19,5,8,6,0,12,HIGH,GREEN (60 sec)
84,23,6,9,8,0,12,HIGH,GREEN (60 sec)
85,21,5,9,7,0,12,HIGH,GREEN (60 sec)
86,22,5,9,8,0,12,HIGH,GREEN (60 sec)
87,21,4,10,7,0,12,HIGH,GREEN (60 sec)
88,21,4,10,7,0,12,HIGH,GREEN (60 sec)
89,21,3,11,7,0,12,HIGH,GREEN (60 sec)
90,22,4,11,7,0,12,HIGH,GREEN (60 sec)
91,22,4,11,7,0,12,HIGH,GREEN (60 sec)
92,24,6,11,7,0,13,HIGH,GREEN (60 sec)
93,23,6,10,7,0,13,HIGH,GREEN (60 sec)
94,24,6,11,7,0,13,HIGH,GREEN (60 sec)
95,25,6,11,8,0,13,HIGH,GREEN (60 sec)
96,23,6,9,8,0,13,HIGH,GREEN (60 sec)
97,22,6,8,8,0,13,HIGH,GREEN (60 sec)
98,21,6,9,6,0,13,HIGH,GREEN (60 sec)
99,20,5,9,6,0,13,HIGH,GREEN (60 sec)
100,18,6,6,6,0,13,HIGH,GREEN (60 sec)
101,20,7,6,7,0,14,HIGH,GREEN (60 sec)
102,19,7,6,6,0,15,HIGH,GREEN (60 sec)
103,19,7,6,6,0,15,HIGH,GREEN (60 sec)
104,19,7,6,6,0,15,HIGH,GREEN (60 sec)
105,19,8,5,6,0,15,HIGH,GREEN (60 sec)
106,20,8,6,6,0,15,HIGH,GREEN (60 sec)
107,19,8,5,6,0,15,HIGH,GREEN (60 sec)
108,19,8,5,6,0,15,HIGH,GREEN (60 sec)
109,18,7,5,6,0,15,HIGH,GREEN (60 sec)
110,21,9,6,6,0,16,HIGH,GREEN (60 sec)
111,20,8,6,6,0,16,HIGH,GREEN (60 sec)
112,18,6,6,6,0,16,HIGH,GREEN (60 sec)
113,16,5,6,5,0,16,MEDIUM,GREEN (40 sec)
114,16,5,6,5,0,17,MEDIUM,GREEN (40 sec)
115,17,5,7,5,0,17,MEDIUM,GREEN (40 sec)
116,17,5,7,5,0,17,MEDIUM,GREEN (40 sec)
117,17,5,7,5,0,17,MEDIUM,GREEN (40 sec)
118,16,5,7,4,0,18,MEDIUM,GREEN (40 sec)
119,15,5,6,4,0,18,MEDIUM,GREEN (40 sec)
120,14,3,7,4,0,18,MEDIUM,GREEN (40 sec)
121,16,5,7,4,0,18,MEDIUM,GREEN (40 sec)
122,16,5,7,4,0,18,MEDIUM,GREEN (40 sec)
123,15,4,7,4,0,18,MEDIUM,GREEN (40 sec)
124,16,5,7,4,0,18,MEDIUM,GREEN (40 sec)
125,15,4,7,4,0,18,MEDIUM,GREEN (40 sec)
126,16,5,7,4,0,18,MEDIUM,GREEN (40 sec)
127,15,5,6,4,0,18,MEDIUM,GREEN (40 sec)
128,15,5,6,4,0,18,MEDIUM,GREEN (40 sec)
129,17,5,7,5,0,18,MEDIUM,GREEN (40 sec)
130,18,5,8,5,0,18,HIGH,GREEN (60 sec)
131,17,5,7,5,0,18,MEDIUM,GREEN (40 sec)
132,17,5,7,5,0,18,MEDIUM,GREEN (40 sec)
133,16,5,6,5,0,18,MEDIUM,GREEN (40 sec)
134,17,6,6,5,0,18,MEDIUM,GREEN (40 sec)
135,17,5,7,5,0,18,MEDIUM,GREEN (40 sec)
136,17,5,7,5,0,18,MEDIUM,GREEN (40 sec)
137,18,5,8,5,0,18,HIGH,GREEN (60 sec)
138,18,5,8,5,0,18,HIGH,GREEN (60 sec)
139,18,5,8,5,0,18,HIGH,GREEN (60 sec)
140,19,5,9,5,0,18,HIGH,GREEN (60 sec)
141,18,5,9,4,0,18,HIGH,GREEN (60 sec)
142,18,5,9,4,0,18,HIGH,GREEN (60 sec)
143,17,5,8,4,0,18,MEDIUM,GREEN (40 sec)
144,16,5,7,4,0,18,MEDIUM,GREEN (40 sec)
145,18,5,8,5,0,18,HIGH,GREEN (60 sec)
146,19,5,9,5,0,18,HIGH,GREEN (60 sec)
147,17,5,8,4,0,18,MEDIUM,GREEN (40 sec)
148,17,5,8,4,0,18,MEDIUM,GREEN (40 sec)
149,14,5,7,2,0,18,MEDIUM,GREEN (40 sec)
150,15,5,7,3,0,18,MEDIUM,GREEN (40 sec)
151,15,5,7,3,0,18,MEDIUM,GREEN (40 sec)
152,15,4,8,3,0,18,MEDIUM,GREEN (40 sec)
153,13,4,7,2,0,18,MEDIUM,GREEN (40 sec)
154,13,4,7,2,0,18,MEDIUM,GREEN (40 sec)
155,15,4,9,2,0,19,MEDIUM,GREEN (40 sec)
156,14,4,8,2,0,19,MEDIUM,GREEN (40 sec)
157,16,4,10,2,0,19,MEDIUM,GREEN (40 sec)
158,18,4,12,2,0,19,HIGH,GREEN (60 sec)
159,17,4,10,3,0,19,MEDIUM,GREEN (40 sec)
160,19,4,12,3,0,19,HIGH,GREEN (60 sec)
161,19,4,12,3,0,19,HIGH,GREEN (60 sec)
162,18,4,12,2,0,19,HIGH,GREEN (60 sec)
163,17,4,12,1,0,19,MEDIUM,GREEN (40 sec)
164,17,4,12,1,0,19,MEDIUM,GREEN (40 sec)
165,18,4,13,1,0,19,HIGH,GREEN (60 sec)
166,16,4,11,1,0,19,MEDIUM,GREEN (40 sec)
167,15,4,9,2,0,19,MEDIUM,GREEN (40 sec)
168,16,5,9,2,0,20,MEDIUM,GREEN (40 sec)
169,15,5,8,2,0,20,MEDIUM,GREEN (40 sec)
170,16,5,9,2,0,20,MEDIUM,GREEN (40 sec)
171,16,5,9,2,0,20,MEDIUM,GREEN (40 sec)
172,16,5,9,2,0,20,MEDIUM,GREEN (40 sec)
173,16,5,9,2,0,20,MEDIUM,GREEN (40 sec)
174,16,5,9,2,0,20,MEDIUM,GREEN (40 sec)
175,16,5,9,2,0,20,MEDIUM,GREEN (40 sec)
176,17,5,10,2,0,21,MEDIUM,GREEN (40 sec)
177,15,5,8,2,0,21,MEDIUM,GREEN (40 sec)
178,17,5,10,2,0,21,MEDIUM,GREEN (40 sec)
179,18,5,10,3,0,21,HIGH,GREEN (60 sec)
180,20,5,11,4,0,21,HIGH,GREEN (60 sec)
181,21,5,12,4,0,21,HIGH,GREEN (60 sec)
182,20,5,11,4,0,21,HIGH,GREEN (60 sec)
183,21,5,11,5,0,21,HIGH,GREEN (60 sec)
184,19,5,10,4,0,21,HIGH,GREEN (60 sec)
185,20,5,11,4,0,21,HIGH,GREEN (60 sec)
186,18,5,10,3,0,21,HIGH,GREEN (60 sec)
187,16,5,9,2,0,21,MEDIUM,GREEN (40 sec)
188,17,5,8,4,0,21,MEDIUM,GREEN (40 sec)
189,17,5,8,4,0,21,MEDIUM,GREEN (40 sec)
190,18,5,7,6,0,21,HIGH,GREEN (60 sec)
191,19,5,8,6,0,22,HIGH,GREEN (60 sec)
192,17,5,6,6,0,22,MEDIUM,GREEN (40 sec)
193,19,5,8,6,0,22,HIGH,GREEN (60 sec)
194,17,5,7,5,0,22,MEDIUM,GREEN (40 sec)
195,19,5,9,5,0,22,HIGH,GREEN (60 sec)
196,21,5,9,7,0,22,HIGH,GREEN (60 sec)
197,18,4,8,6,0,22,HIGH,GREEN (60 sec)
198,18,4,9,5,0,22,HIGH,GREEN (60 sec)
199,18,4,8,6,0,22,HIGH,GREEN (60 sec)
200,18,4,8,6,0,22,HIGH,GREEN (60 sec)
201,18,4,8,6,0,22,HIGH,GREEN (60 sec)
202,19,5,7,7,0,22,HIGH,GREEN (60 sec)
203,16,4,5,7,0,22,MEDIUM,GREEN (40 sec)
204,16,4,5,7,0,23,MEDIUM,GREEN (40 sec)
205,17,4,7,6,0,23,MEDIUM,GREEN (40 sec)
206,16,4,6,6,0,23,MEDIUM,GREEN (40 sec)
207,16,4,6,6,0,23,MEDIUM,GREEN (40 sec)
208,17,4,7,6,0,23,MEDIUM,GREEN (40 sec)
209,17,4,7,6,0,23,MEDIUM,GREEN (40 sec)
210,17,4,8,5,0,23,MEDIUM,GREEN (40 sec)
211,18,4,8,6,0,23,HIGH,GREEN (60 sec)
212,14,3,6,5,0,23,MEDIUM,GREEN (40 sec)
213,14,3,6,5,0,23,MEDIUM,GREEN (40 sec)
214,17,4,8,5,0,23,MEDIUM,GREEN (40 sec)
215,16,4,7,5,0,23,MEDIUM,GREEN (40 sec)
216,16,4,7,5,0,23,MEDIUM,GREEN (40 sec)
217,17,4,7,6,0,24,MEDIUM,GREEN (40 sec)
218,16,4,5,7,0,24,MEDIUM,GREEN (40 sec)
219,13,4,3,6,0,24,MEDIUM,GREEN (40 sec)
220,15,4,4,7,0,24,MEDIUM,GREEN (40 sec)
221,16,4,5,7,0,24,MEDIUM,GREEN (40 sec)
222,17,4,6,7,0,24,MEDIUM,GREEN (40 sec)
223,16,4,6,6,0,24,MEDIUM,GREEN (40 sec)
224,18,4,6,8,0,24,HIGH,GREEN (60 sec)
225,16,4,5,7,0,24,MEDIUM,GREEN (40 sec)
226,16,4,6,6,0,24,MEDIUM,GREEN (40 sec)
227,16,4,6,6,0,25,MEDIUM,GREEN (40 sec)
228,18,5,6,7,0,25,HIGH,GREEN (60 sec)
229,17,5,6,6,0,25,MEDIUM,GREEN (40 sec)
230,18,5,6,7,0,25,HIGH,GREEN (60 sec)
231,18,5,7,6,0,25,HIGH,GREEN (60 sec)
232,18,5,7,6,0,25,HIGH,GREEN (60 sec)
233,18,5,7,6,0,25,HIGH,GREEN (60 sec)
234,18,4,8,6,0,25,HIGH,GREEN (60 sec)
235,17,4,7,6,0,26,MEDIUM,GREEN (40 sec)
236,19,4,8,7,0,26,HIGH,GREEN (60 sec)
237,19,4,8,7,0,26,HIGH,GREEN (60 sec)
238,17,4,6,7,0,26,MEDIUM,GREEN (40 sec)
239,18,5,6,7,0,26,HIGH,GREEN (60 sec)
240,20,5,8,7,0,26,HIGH,GREEN (60 sec)
241,21,5,9,7,0,26,HIGH,GREEN (60 sec)
242,19,5,8,6,0,26,HIGH,GREEN (60 sec)
243,20,5,8,7,0,26,HIGH,GREEN (60 sec)
244,20,5,7,8,0,26,HIGH,GREEN (60 sec)
245,19,5,7,7,0,26,HIGH,GREEN (60 sec)
246,19,5,7,7,0,26,HIGH,GREEN (60 sec)
247,21,5,8,8,0,26,HIGH,GREEN (60 sec)
248,21,5,8,8,0,26,HIGH,GREEN (60 sec)
249,21,5,8,8,0,26,HIGH,GREEN (60 sec)
250,22,5,8,9,0,26,HIGH,GREEN (60 sec)
251,20,5,7,8,0,26,HIGH,GREEN (60 sec)
252,19,5,6,8,0,26,HIGH,GREEN (60 sec)
253,19,4,7,8,0,26,HIGH,GREEN (60 sec)
254,17,3,6,8,0,26,MEDIUM,GREEN (40 sec)
255,16,3,5,8,0,26,MEDIUM,GREEN (40 sec)
256,17,3,6,8,0,26,MEDIUM,GREEN (40 sec)
257,17,4,5,8,0,26,MEDIUM,GREEN (40 sec)
258,18,4,6,8,0,27,HIGH,GREEN (60 sec)
259,17,4,5,8,0,27,MEDIUM,GREEN (40 sec)
260,19,4,7,8,0,27,HIGH,GREEN (60 sec)
261,17,3,7,7,0,27,MEDIUM,GREEN (40 sec)
262,18,3,7,8,0,27,HIGH,GREEN (60 sec)
263,18,4,7,7,0,28,HIGH,GREEN (60 sec)
264,17,3,7,7,0,28,MEDIUM,GREEN (40 sec)
265,17,3,7,7,0,28,MEDIUM,GREEN (40 sec)
266,17,3,7,7,0,28,MEDIUM,GREEN (40 sec)
267,17,4,7,6,0,28,MEDIUM,GREEN (40 sec)
268,18,4,8,6,0,28,HIGH,GREEN (60 sec)
269,18,4,8,6,0,28,HIGH,GREEN (60 sec)
270,20,4,10,6,0,28,HIGH,GREEN (60 sec)
271,20,4,10,6,0,28,HIGH,GREEN (60 sec)
272,19,4,9,6,0,28,HIGH,GREEN (60 sec)
273,19,4,9,6,0,28,HIGH,GREEN (60 sec)
274,17,4,7,6,0,28,MEDIUM,GREEN (40 sec)
275,18,4,8,6,0,28,HIGH,GREEN (60 sec)
276,17,4,7,6,0,28,MEDIUM,GREEN (40 sec)
277,17,4,7,6,0,28,MEDIUM,GREEN (40 sec)
278,18,4,8,6,0,28,HIGH,GREEN (60 sec)
279,18,4,7,7,0,29,HIGH,GREEN (60 sec)
280,18,4,7,7,0,29,HIGH,GREEN (60 sec)
281,19,4,8,7,0,29,HIGH,GREEN (60 sec)
282,18,4,7,7,0,29,HIGH,GREEN (60 sec)
283,18,4,7,7,0,29,HIGH,GREEN (60 sec)
284,17,4,7,6,0,29,MEDIUM,GREEN (40 sec)
285,18,4,7,7,0,29,HIGH,GREEN (60 sec)
286,18,4,7,7,0,29,HIGH,GREEN (60 sec)
287,19,5,7,7,0,29,HIGH,GREEN (60 sec)
288,19,5,8,6,0,29,HIGH,GREEN (60 sec)
289,21,5,10,6,0,29,HIGH,GREEN (60 sec)
290,21,5,10,6,0,29,HIGH,GREEN (60 sec)
291,20,4,10,6,0,29,HIGH,GREEN (60 sec)
292,20,5,9,6,0,29,HIGH,GREEN (60 sec)
293,21,6,8,7,0,29,HIGH,GREEN (60 sec)
294,20,5,8,7,0,29,HIGH,GREEN (60 sec)
295,19,4,8,7,0,29,HIGH,GREEN (60 sec)
296,19,5,7,7,0,29,HIGH,GREEN (60 sec)
297,20,5,8,7,0,29,HIGH,GREEN (60 sec)
298,20,5,8,7,0,29,HIGH,GREEN (60 sec)
299,19,5,7,7,0,29,HIGH,GREEN (60 sec)
300,20,6,7,7,0,29,HIGH,GREEN (60 sec)
301,21,6,8,7,0,29,HIGH,GREEN (60 sec)
302,21,6,8,7,0,29,HIGH,GREEN (60 sec)
303,19,4,8,7,0,29,HIGH,GREEN (60 sec)
304,20,5,8,7,0,30,HIGH,GREEN (60 sec)
305,19,5,7,7,0,30,HIGH,GREEN (60 sec)
306,20,5,7,8,0,31,HIGH,GREEN (60 sec)
307,21,5,8,8,0,31,HIGH,GREEN (60 sec)
308,19,5,7,7,0,31,HIGH,GREEN (60 sec)
309,19,5,7,7,0,31,HIGH,GREEN (60 sec)
310,21,5,8,8,0,31,HIGH,GREEN (60 sec)
311,21,5,8,8,0,31,HIGH,GREEN (60 sec)
312,21,5,8,8,0,31,HIGH,GREEN (60 sec)
313,20,5,8,7,0,31,HIGH,GREEN (60 sec)
314,21,5,7,9,0,31,HIGH,GREEN (60 sec)
315,21,5,7,9,0,31,HIGH,GREEN (60 sec)
316,20,5,7,8,0,31,HIGH,GREEN (60 sec)
317,21,5,7,9,0,31,HIGH,GREEN (60 sec)
318,21,5,7,9,0,31,HIGH,GREEN (60 sec)
319,21,5,7,9,0,31,HIGH,GREEN (60 sec)
320,18,5,6,7,0,31,HIGH,GREEN (60 sec)
321,18,5,6,7,0,31,HIGH,GREEN (60 sec)
322,20,5,6,9,0,31,HIGH,GREEN (60 sec)
323,19,5,5,9,0,31,HIGH,GREEN (60 sec)
324,18,5,5,8,0,31,HIGH,GREEN (60 sec)
325,17,4,5,8,0,31,MEDIUM,GREEN (40 sec)
326,19,4,5,10,0,31,HIGH,GREEN (60 sec)
327,18,4,6,8,0,31,HIGH,GREEN (60 sec)
328,19,5,6,8,0,31,HIGH,GREEN (60 sec)
329,19,5,6,8,0,31,HIGH,GREEN (60 sec)
330,19,5,6,8,0,31,HIGH,GREEN (60 sec)
331,19,5,6,8,0,31,HIGH,GREEN (60 sec)
332,21,5,7,9,0,31,HIGH,GREEN (60 sec)
333,20,5,7,8,0,31,HIGH,GREEN (60 sec)
334,19,5,7,7,0,31,HIGH,GREEN (60 sec)
335,19,5,7,7,0,34,HIGH,GREEN (60 sec)
336,19,5,7,7,0,34,HIGH,GREEN (60 sec)
337,19,5,7,7,0,34,HIGH,GREEN (60 sec)
338,18,5,7,6,0,34,HIGH,GREEN (60 sec)
339,18,5,7,6,0,34,HIGH,GREEN (60 sec)
340,18,5,7,6,0,34,HIGH,GREEN (60 sec)
341,18,5,7,6,0,34,HIGH,GREEN (60 sec)
342,19,5,8,6,0,34,HIGH,GREEN (60 sec)
343,20,5,9,6,0,34,HIGH,GREEN (60 sec)
344,20,5,9,6,0,34,HIGH,GREEN (60 sec)
345,19,5,8,6,0,34,HIGH,GREEN (60 sec)
346,20,5,8,7,0,34,HIGH,GREEN (60 sec)
347,21,5,9,7,0,34,HIGH,GREEN (60 sec)
348,22,5,10,7,0,34,HIGH,GREEN (60 sec)
349,22,5,10,7,0,34,HIGH,GREEN (60 sec)
350,22,5,10,7,0,35,HIGH,GREEN (60 sec)
351,21,5,10,6,0,35,HIGH,GREEN (60 sec)
352,22,5,10,7,0,35,HIGH,GREEN (60 sec)
353,21,4,10,7,0,35,HIGH,GREEN (60 sec)
354,22,5,10,7,0,35,HIGH,GREEN (60 sec)
355,21,4,10,7,0,35,HIGH,GREEN (60 sec)
356,20,4,9,7,0,35,HIGH,GREEN (60 sec)
357,20,4,9,7,0,35,HIGH,GREEN (60 sec)
358,21,4,10,7,0,35,HIGH,GREEN (60 sec)
359,22,4,11,7,0,35,HIGH,GREEN (60 sec)
360,19,4,8,7,0,35,HIGH,GREEN (60 sec)
361,17,4,7,6,0,35,MEDIUM,GREEN (40 sec)
362,17,4,7,6,0,35,MEDIUM,GREEN (40 sec)
363,20,5,9,6,0,35,HIGH,GREEN (60 sec)
364,21,5,10,6,0,35,HIGH,GREEN (60 sec)
365,21,5,10,6,0,35,HIGH,GREEN (60 sec)
366,21,5,10,6,0,35,HIGH,GREEN (60 sec)
367,22,5,11,6,0,35,HIGH,GREEN (60 sec)
368,21,5,10,6,0,35,HIGH,GREEN (60 sec)
369,19,5,8,6,0,35,HIGH,GREEN (60 sec)
370,18,5,7,6,0,35,HIGH,GREEN (60 sec)
371,17,5,6,6,0,35,MEDIUM,GREEN (40 sec)
372,18,5,7,6,0,35,HIGH,GREEN (60 sec)
373,18,4,8,6,0,35,HIGH,GREEN (60 sec)
374,18,4,8,6,0,35,HIGH,GREEN (60 sec)
375,20,4,10,6,0,35,HIGH,GREEN (60 sec)
376,19,4,9,6,0,35,HIGH,GREEN (60 sec)
377,19,4,10,5,0,35,HIGH,GREEN (60 sec)
378,19,5,9,5,0,36,HIGH,GREEN (60 sec)
379,18,5,8,5,0,36,HIGH,GREEN (60 sec)
380,17,5,7,5,0,36,MEDIUM,GREEN (40 sec)
381,17,6,6,5,0,36,MEDIUM,GREEN (40 sec)
382,18,6,7,5,0,36,HIGH,GREEN (60 sec)
383,18,6,7,5,0,36,HIGH,GREEN (60 sec)
384,18,6,7,5,0,36,HIGH,GREEN (60 sec)
385,20,6,9,5,0,36,HIGH,GREEN (60 sec)
386,21,7,9,5,0,36,HIGH,GREEN (60 sec)
387,22,7,10,5,0,36,HIGH,GREEN (60 sec)
388,24,7,12,5,0,38,HIGH,GREEN (60 sec)
389,24,6,13,5,0,38,HIGH,GREEN (60 sec)
390,26,7,14,5,0,38,HIGH,GREEN (60 sec)
391,25,6,14,5,0,38,HIGH,GREEN (60 sec)
392,23,5,13,5,0,38,HIGH,GREEN (60 sec)
393,24,5,13,6,0,38,HIGH,GREEN (60 sec)
394,22,6,10,6,0,38,HIGH,GREEN (60 sec)
395,22,6,10,6,0,38,HIGH,GREEN (60 sec)
396,19,5,8,6,0,38,HIGH,GREEN (60 sec)
397,20,5,9,6,0,38,HIGH,GREEN (60 sec)
398,21,5,9,7,0,38,HIGH,GREEN (60 sec)
399,21,5,9,7,0,38,HIGH,GREEN (60 sec)
400,21,5,9,7,0,38,HIGH,GREEN (60 sec)
401,21,5,9,7,0,38,HIGH,GREEN (60 sec)
402,20,5,9,6,0,38,HIGH,GREEN (60 sec)
403,20,5,9,6,0,38,HIGH,GREEN (60 sec)
404,20,5,9,6,0,38,HIGH,GREEN (60 sec)
405,21,5,9,7,0,38,HIGH,GREEN (60 sec)
406,21,5,9,7,0,38,HIGH,GREEN (60 sec)
407,21,5,10,6,0,38,HIGH,GREEN (60 sec)
408,22,5,11,6,0,38,HIGH,GREEN (60 sec)
409,21,5,10,6,0,38,HIGH,GREEN (60 sec)
410,22,5,11,6,0,38,HIGH,GREEN (60 sec)
411,23,5,12,6,0,38,HIGH,GREEN (60 sec)
412,23,5,12,6,0,38,HIGH,GREEN (60 sec)
413,21,5,10,6,0,39,HIGH,GREEN (60 sec)
414,21,4,11,6,0,39,HIGH,GREEN (60 sec)
415,19,4,8,7,0,39,HIGH,GREEN (60 sec)
416,19,4,8,7,0,39,HIGH,GREEN (60 sec)
417,21,4,10,7,0,39,HIGH,GREEN (60 sec)
418,22,4,11,7,0,39,HIGH,GREEN (60 sec)
419,22,5,10,7,0,39,HIGH,GREEN (60 sec)
420,22,5,10,7,0,39,HIGH,GREEN (60 sec)
421,21,5,9,7,0,39,HIGH,GREEN (60 sec)
422,22,5,9,8,0,39,HIGH,GREEN (60 sec)
423,21,5,9,7,0,39,HIGH,GREEN (60 sec)
424,21,5,10,6,0,39,HIGH,GREEN (60 sec)
425,19,4,9,6,0,39,HIGH,GREEN (60 sec)
426,20,4,9,7,0,39,HIGH,GREEN (60 sec)
427,20,4,9,7,0,39,HIGH,GREEN (60 sec)
428,20,4,9,7,0,39,HIGH,GREEN (60 sec)
429,20,5,8,7,0,39,HIGH,GREEN (60 sec)
430,22,5,10,7,0,40,HIGH,GREEN (60 sec)
431,23,5,11,7,0,40,HIGH,GREEN (60 sec)
432,23,5,11,7,0,40,HIGH,GREEN (60 sec)
433,23,5,11,7,0,40,HIGH,GREEN (60 sec)
434,22,5,10,7,0,40,HIGH,GREEN (60 sec)
435,22,5,10,7,0,40,HIGH,GREEN (60 sec)
436,23,5,11,7,0,40,HIGH,GREEN (60 sec)
437,21,5,9,7,0,40,HIGH,GREEN (60 sec)
438,21,4,10,7,0,40,HIGH,GREEN (60 sec)
439,21,4,11,6,0,40,HIGH,GREEN (60 sec)
440,21,4,11,6,0,41,HIGH,GREEN (60 sec)
441,21,4,11,6,0,41,HIGH,GREEN (60 sec)
442,20,4,10,6,0,41,HIGH,GREEN (60 sec)
443,20,4,10,6,0,41,HIGH,GREEN (60 sec)
444,21,4,11,6,0,41,HIGH,GREEN (60 sec)
445,21,4,11,6,0,41,HIGH,GREEN (60 sec)
446,20,4,10,6,0,42,HIGH,GREEN (60 sec)
447,21,4,11,6,0,42,HIGH,GREEN (60 sec)
448,20,4,10,6,0,42,HIGH,GREEN (60 sec)
449,21,4,11,6,0,42,HIGH,GREEN (60 sec)
450,21,4,11,6,0,42,HIGH,GREEN (60 sec)
451,19,4,9,6,0,42,HIGH,GREEN (60 sec)
452,20,4,11,5,0,42,HIGH,GREEN (60 sec)
453,20,4,11,5,0,42,HIGH,GREEN (60 sec)
454,22,4,12,6,0,42,HIGH,GREEN (60 sec)
455,22,4,12,6,0,42,HIGH,GREEN (60 sec)
456,21,4,11,6,0,42,HIGH,GREEN (60 sec)
457,20,4,10,6,0,42,HIGH,GREEN (60 sec)
458,19,4,9,6,0,42,HIGH,GREEN (60 sec)
459,21,4,11,6,0,42,HIGH,GREEN (60 sec)
460,19,4,9,6,0,42,HIGH,GREEN (60 sec)
461,18,5,8,5,0,43,HIGH,GREEN (60 sec)
462,17,5,8,4,0,43,MEDIUM,GREEN (40 sec)
463,17,5,8,4,0,43,MEDIUM,GREEN (40 sec)
464,19,5,9,5,0,44,HIGH,GREEN (60 sec)
465,18,5,9,4,0,44,HIGH,GREEN (60 sec)
466,19,5,10,4,0,44,HIGH,GREEN (60 sec)
467,20,6,10,4,0,44,HIGH,GREEN (60 sec)
468,22,6,10,6,0,44,HIGH,GREEN (60 sec)
469,21,7,8,6,0,44,HIGH,GREEN (60 sec)
470,20,7,8,5,0,45,HIGH,GREEN (60 sec)
471,18,6,8,4,0,45,HIGH,GREEN (60 sec)
472,21,7,8,6,0,45,HIGH,GREEN (60 sec)
473,21,7,9,5,0,45,HIGH,GREEN (60 sec)
474,20,6,9,5,0,45,HIGH,GREEN (60 sec)
475,23,6,11,6,0,45,HIGH,GREEN (60 sec)
476,22,6,9,7,0,46,HIGH,GREEN (60 sec)
477,21,6,8,7,0,46,HIGH,GREEN (60 sec)
478,23,6,8,9,0,46,HIGH,GREEN (60 sec)
479,21,6,7,8,0,46,HIGH,GREEN (60 sec)
480,21,6,8,7,0,46,HIGH,GREEN (60 sec)
481,21,6,8,7,0,46,HIGH,GREEN (60 sec)
482,20,6,8,6,0,46,HIGH,GREEN (60 sec)
483,19,6,7,6,0,46,HIGH,GREEN (60 sec)
484,20,6,8,6,0,46,HIGH,GREEN (60 sec)
485,20,6,8,6,0,46,HIGH,GREEN (60 sec)
486,19,6,8,5,0,46,HIGH,GREEN (60 sec)
487,19,6,8,5,0,46,HIGH,GREEN (60 sec)
488,21,6,9,6,0,46,HIGH,GREEN (60 sec)
489,20,6,8,6,0,46,HIGH,GREEN (60 sec)
490,21,6,8,7,0,46,HIGH,GREEN (60 sec)
491,19,7,7,5,0,46,HIGH,GREEN (60 sec)
492,18,6,6,6,0,47,HIGH,GREEN (60 sec)
493,17,6,6,5,0,47,MEDIUM,GREEN (40 sec)
494,18,6,6,6,0,47,HIGH,GREEN (60 sec)
495,17,6,6,5,0,47,MEDIUM,GREEN (40 sec)
496,17,6,6,5,0,47,MEDIUM,GREEN (40 sec)
497,16,6,6,4,0,47,MEDIUM,GREEN (40 sec)
498,16,6,6,4,0,47,MEDIUM,GREEN (40 sec)
499,18,7,6,5,0,48,HIGH,GREEN (60 sec)
500,19,7,6,6,0,49,HIGH,GREEN (60 sec)
501,18,7,7,4,0,49,HIGH,GREEN (60 sec)
502,16,6,7,3,0,49,MEDIUM,GREEN (40 sec)
503,17,6,8,3,0,49,MEDIUM,GREEN (40 sec)
504,17,6,8,3,0,49,MEDIUM,GREEN (40 sec)
505,19,7,8,4,0,50,HIGH,GREEN (60 sec)
506,19,7,10,2,0,50,HIGH,GREEN (60 sec)
507,19,5,11,3,0,51,HIGH,GREEN (60 sec)
508,19,6,10,3,0,51,HIGH,GREEN (60 sec)
509,20,7,10,3,0,51,HIGH,GREEN (60 sec)
510,19,6,10,3,0,51,HIGH,GREEN (60 sec)
511,20,7,10,3,0,51,HIGH,GREEN (60 sec)
512,18,6,9,3,0,51,HIGH,GREEN (60 sec)
513,19,6,10,3,0,51,HIGH,GREEN (60 sec)
514,19,7,9,3,0,51,HIGH,GREEN (60 sec)
515,18,7,8,3,0,51,HIGH,GREEN (60 sec)
516,19,6,10,3,0,51,HIGH,GREEN (60 sec)
517,21,8,10,3,0,51,HIGH,GREEN (60 sec)
518,19,6,10,3,0,51,HIGH,GREEN (60 sec)
519,17,5,9,3,0,51,MEDIUM,GREEN (40 sec)
520,19,6,10,3,0,51,HIGH,GREEN (60 sec)
521,18,5,10,3,0,51,HIGH,GREEN (60 sec)
522,17,5,9,3,0,51,MEDIUM,GREEN (40 sec)
523,17,5,9,3,0,51,MEDIUM,GREEN (40 sec)
524,18,5,10,3,0,52,HIGH,GREEN (60 sec)
525,19,5,11,3,0,52,HIGH,GREEN (60 sec)
526,20,6,11,3,0,52,HIGH,GREEN (60 sec)
527,19,6,10,3,0,52,HIGH,GREEN (60 sec)
528,19,5,11,3,0,52,HIGH,GREEN (60 sec)
529,21,6,12,3,0,53,HIGH,GREEN (60 sec)
530,21,6,12,3,0,53,HIGH,GREEN (60 sec)
531,18,5,11,2,0,54,HIGH,GREEN (60 sec)
532,19,6,11,2,0,55,HIGH,GREEN (60 sec)
533,16,3,11,2,0,55,MEDIUM,GREEN (40 sec)
534,17,5,10,2,0,55,MEDIUM,GREEN (40 sec)
535,19,6,11,2,0,55,HIGH,GREEN (60 sec)
536,20,7,10,3,0,55,HIGH,GREEN (60 sec)
537,18,5,11,2,0,56,HIGH,GREEN (60 sec)
538,17,5,10,2,0,56,MEDIUM,GREEN (40 sec)
539,18,5,11,2,0,56,HIGH,GREEN (60 sec)
540,17,5,9,3,0,56,MEDIUM,GREEN (40 sec)
541,17,5,9,3,0,56,MEDIUM,GREEN (40 sec)
542,16,4,9,3,0,56,MEDIUM,GREEN (40 sec)
543,17,4,10,3,0,56,MEDIUM,GREEN (40 sec)
544,17,4,10,3,0,56,MEDIUM,GREEN (40 sec)
545,16,3,10,3,0,56,MEDIUM,GREEN (40 sec)
546,17,4,10,3,0,56,MEDIUM,GREEN (40 sec)
547,18,4,11,3,0,56,HIGH,GREEN (60 sec)
548,17,4,10,3,0,56,MEDIUM,GREEN (40 sec)
549,17,4,10,3,0,56,MEDIUM,GREEN (40 sec)
550,19,5,10,4,0,56,HIGH,GREEN (60 sec)
551,19,5,10,4,0,56,HIGH,GREEN (60 sec)
552,19,5,11,3,0,57,HIGH,GREEN (60 sec)
553,18,5,10,3,0,58,HIGH,GREEN (60 sec)
554,19,5,11,3,0,58,HIGH,GREEN (60 sec)
555,19,5,11,3,0,58,HIGH,GREEN (60 sec)
556,19,5,11,3,0,58,HIGH,GREEN (60 sec)
557,17,4,10,3,0,58,MEDIUM,GREEN (40 sec)
558,17,4,10,3,0,58,MEDIUM,GREEN (40 sec)
559,18,5,10,3,0,58,HIGH,GREEN (60 sec)
560,18,5,10,3,0,59,HIGH,GREEN (60 sec)
561,19,5,11,3,0,59,HIGH,GREEN (60 sec)
562,19,5,11,3,0,59,HIGH,GREEN (60 sec)
563,17,5,9,3,0,59,MEDIUM,GREEN (40 sec)
564,17,5,9,3,0,59,MEDIUM,GREEN (40 sec)
565,18,5,9,4,0,59,HIGH,GREEN (60 sec)
566,18,5,9,4,0,59,HIGH,GREEN (60 sec)
567,19,5,10,4,0,59,HIGH,GREEN (60 sec)
568,20,5,11,4,0,59,HIGH,GREEN (60 sec)
569,20,5,11,4,0,59,HIGH,GREEN (60 sec)
570,19,5,10,4,0,59,HIGH,GREEN (60 sec)
571,18,5,10,3,0,59,HIGH,GREEN (60 sec)
572,17,5,9,3,0,59,MEDIUM,GREEN (40 sec)
573,17,5,9,3,0,59,MEDIUM,GREEN (40 sec)
574,18,5,10,3,0,59,HIGH,GREEN (60 sec)
575,18,5,10,3,0,59,HIGH,GREEN (60 sec)
576,18,5,10,3,0,59,HIGH,GREEN (60 sec)
577,17,4,10,3,0,59,MEDIUM,GREEN (40 sec)
578,18,4,10,4,0,59,HIGH,GREEN (60 sec)
579,19,5,10,4,0,59,HIGH,GREEN (60 sec)
580,19,5,10,4,0,59,HIGH,GREEN (60 sec)
581,19,5,10,4,0,59,HIGH,GREEN (60 sec)
582,19,6,9,4,0,59,HIGH,GREEN (60 sec)
583,18,4,10,4,0,59,HIGH,GREEN (60 sec)
584,18,4,10,4,0,59,HIGH,GREEN (60 sec)
585,18,5,9,4,0,59,HIGH,GREEN (60 sec)
586,16,4,8,4,0,59,MEDIUM,GREEN (40 sec)
587,16,4,8,4,0,59,MEDIUM,GREEN (40 sec)
588,14,3,8,3,0,59,MEDIUM,GREEN (40 sec)
589,15,3,9,3,0,59,MEDIUM,GREEN (40 sec)
590,15,4,8,3,0,59,MEDIUM,GREEN (40 sec)
591,15,3,9,3,0,59,MEDIUM,GREEN (40 sec)
592,15,3,9,3,0,61,MEDIUM,GREEN (40 sec)
593,16,4,9,3,0,61,MEDIUM,GREEN (40 sec)
594,15,5,7,3,0,62,MEDIUM,GREEN (40 sec)
595,17,5,8,4,0,62,MEDIUM,GREEN (40 sec)
596,18,5,9,4,0,62,HIGH,GREEN (60 sec)
597,18,5,9,4,0,62,HIGH,GREEN (60 sec)
598,18,5,9,4,0,62,HIGH,GREEN (60 sec)
599,19,5,10,4,0,63,HIGH,GREEN (60 sec)
600,20,6,10,4,0,64,HIGH,GREEN (60 sec)
601,20,6,10,4,0,64,HIGH,GREEN (60 sec)
602,20,6,10,4,0,64,HIGH,GREEN (60 sec)
603,21,6,11,4,0,64,HIGH,GREEN (60 sec)
604,22,6,12,4,0,64,HIGH,GREEN (60 sec)
605,22,7,12,3,0,65,HIGH,GREEN (60 sec)
606,22,7,12,3,0,65,HIGH,GREEN (60 sec)
607,23,7,13,3,0,65,HIGH,GREEN (60 sec)
608,22,7,12,3,0,65,HIGH,GREEN (60 sec)
609,21,6,12,3,0,65,HIGH,GREEN (60 sec)
610,21,7,10,4,0,65,HIGH,GREEN (60 sec)
611,19,5,10,4,0,65,HIGH,GREEN (60 sec)
612,19,5,10,4,0,66,HIGH,GREEN (60 sec)
613,19,5,10,4,0,66,HIGH,GREEN (60 sec)
614,18,4,10,4,0,66,HIGH,GREEN (60 sec)
615,19,4,11,4,0,66,HIGH,GREEN (60 sec)
616,22,5,13,4,0,67,HIGH,GREEN (60 sec)
617,22,5,13,4,0,67,HIGH,GREEN (60 sec)
618,20,5,12,3,0,67,HIGH,GREEN (60 sec)
619,17,3,11,3,0,67,MEDIUM,GREEN (40 sec)
620,18,3,11,4,0,67,HIGH,GREEN (60 sec)
621,19,3,12,4,0,67,HIGH,GREEN (60 sec)
622,19,3,12,4,0,67,HIGH,GREEN (60 sec)
623,17,3,10,4,0,67,MEDIUM,GREEN (40 sec)
624,20,3,13,4,0,67,HIGH,GREEN (60 sec)
625,18,3,11,4,0,67,HIGH,GREEN (60 sec)
626,18,4,11,3,0,67,HIGH,GREEN (60 sec)
627,19,4,11,4,0,67,HIGH,GREEN (60 sec)
628,19,4,12,3,0,67,HIGH,GREEN (60 sec)
629,19,3,13,3,0,68,HIGH,GREEN (60 sec)
630,17,3,11,3,0,68,MEDIUM,GREEN (40 sec)
631,17,3,11,3,0,68,MEDIUM,GREEN (40 sec)
632,18,3,12,3,0,68,HIGH,GREEN (60 sec)
633,19,4,11,4,0,68,HIGH,GREEN (60 sec)
634,21,5,12,4,0,68,HIGH,GREEN (60 sec)
635,20,4,12,4,0,68,HIGH,GREEN (60 sec)
636,20,4,12,4,0,68,HIGH,GREEN (60 sec)
637,19,4,11,4,0,68,HIGH,GREEN (60 sec)
638,20,5,11,4,0,68,HIGH,GREEN (60 sec)
639,19,6,9,4,0,68,HIGH,GREEN (60 sec)
640,19,6,9,4,0,68,HIGH,GREEN (60 sec)
641,20,7,9,4,0,69,HIGH,GREEN (60 sec)
642,20,7,9,4,0,69,HIGH,GREEN (60 sec)
643,20,7,9,4,0,70,HIGH,GREEN (60 sec)
644,21,7,10,4,0,70,HIGH,GREEN (60 sec)
645,21,7,10,4,0,70,HIGH,GREEN (60 sec)
646,22,8,10,4,0,71,HIGH,GREEN (60 sec)
647,24,9,11,4,1,71,HIGH,GREEN (60 sec)
648,21,7,10,4,1,71,HIGH,GREEN (60 sec)
649,21,7,10,4,1,71,HIGH,GREEN (60 sec)
650,18,6,9,3,1,71,HIGH,GREEN (60 sec)
651,16,5,9,2,1,71,MEDIUM,GREEN (40 sec)
652,17,5,10,2,1,72,MEDIUM,GREEN (40 sec)
653,19,6,10,3,1,73,HIGH,GREEN (60 sec)
654,21,6,11,4,1,73,HIGH,GREEN (60 sec)
655,22,7,11,4,1,73,HIGH,GREEN (60 sec)
656,21,7,11,3,1,73,HIGH,GREEN (60 sec)
657,23,7,12,4,1,73,HIGH,GREEN (60 sec)
658,22,6,12,4,1,73,HIGH,GREEN (60 sec)
659,23,7,12,4,1,73,HIGH,GREEN (60 sec)
660,24,7,12,5,1,73,HIGH,GREEN (60 sec)
661,22,5,12,5,1,73,HIGH,GREEN (60 sec)
662,21,6,10,5,1,73,HIGH,GREEN (60 sec)
663,24,8,11,5,2,73,HIGH,GREEN (60 sec)
664,22,8,9,5,2,73,HIGH,GREEN (60 sec)
665,21,6,10,5,2,73,HIGH,GREEN (60 sec)
666,20,7,9,4,2,73,HIGH,GREEN (60 sec)
667,20,6,9,5,2,73,HIGH,GREEN (60 sec)
668,21,8,9,4,2,74,HIGH,GREEN (60 sec)
669,21,7,10,4,2,74,HIGH,GREEN (60 sec)
670,22,8,10,4,2,76,HIGH,GREEN (60 sec)
671,21,7,10,4,2,76,HIGH,GREEN (60 sec)
672,20,7,10,3,2,77,HIGH,GREEN (60 sec)
673,20,6,10,4,2,77,HIGH,GREEN (60 sec)
674,23,8,10,5,2,78,HIGH,GREEN (60 sec)
675,23,9,9,5,2,78,HIGH,GREEN (60 sec)
676,20,6,10,4,2,78,HIGH,GREEN (60 sec)
677,21,6,10,5,2,78,HIGH,GREEN (60 sec)
678,20,5,10,5,2,78,HIGH,GREEN (60 sec)
679,21,7,10,4,2,79,HIGH,GREEN (60 sec)
680,21,7,10,4,2,79,HIGH,GREEN (60 sec)
681,21,7,10,4,2,79,HIGH,GREEN (60 sec)
682,20,6,10,4,2,79,HIGH,GREEN (60 sec)
683,20,6,10,4,2,79,HIGH,GREEN (60 sec)
684,18,5,9,4,2,79,HIGH,GREEN (60 sec)
685,19,6,9,4,2,79,HIGH,GREEN (60 sec)
686,18,5,9,4,2,79,HIGH,GREEN (60 sec)
687,18,5,9,4,2,79,HIGH,GREEN (60 sec)
688,18,5,9,4,2,79,HIGH,GREEN (60 sec)
689,19,5,10,4,2,79,HIGH,GREEN (60 sec)
690,21,6,11,4,2,79,HIGH,GREEN (60 sec)
691,21,6,11,4,2,79,HIGH,GREEN (60 sec)
692,21,6,11,4,2,79,HIGH,GREEN (60 sec)
693,19,5,10,4,2,79,HIGH,GREEN (60 sec)
694,18,4,10,4,2,79,HIGH,GREEN (60 sec)
695,18,4,10,4,2,79,HIGH,GREEN (60 sec)
696,19,4,12,3,2,79,HIGH,GREEN (60 sec)
697,19,4,11,4,2,79,HIGH,GREEN (60 sec)
698,19,4,10,5,2,79,HIGH,GREEN (60 sec)
699,20,4,11,5,2,80,HIGH,GREEN (60 sec)
700,20,4,11,5,2,80,HIGH,GREEN (60 sec)
701,18,4,10,4,2,80,HIGH,GREEN (60 sec)
702,17,3,9,5,2,80,MEDIUM,GREEN (40 sec)
703,16,3,9,4,2,80,MEDIUM,GREEN (40 sec)
704,16,3,9,4,2,80,MEDIUM,GREEN (40 sec)
705,16,3,9,4,2,80,MEDIUM,GREEN (40 sec)
706,16,3,9,4,2,80,MEDIUM,GREEN (40 sec)
707,16,3,9,4,2,80,MEDIUM,GREEN (40 sec)
708,16,3,9,4,2,80,MEDIUM,GREEN (40 sec)
709,16,3,9,4,2,80,MEDIUM,GREEN (40 sec)
710,16,3,9,4,2,80,MEDIUM,GREEN (40 sec)
711,16,3,9,4,2,80,MEDIUM,GREEN (40 sec)
712,15,3,8,4,2,80,MEDIUM,GREEN (40 sec)
713,16,3,9,4,2,80,MEDIUM,GREEN (40 sec)
714,16,3,8,5,2,80,MEDIUM,GREEN (40 sec)
715,16,3,8,5,2,80,MEDIUM,GREEN (40 sec)
716,16,3,8,5,2,80,MEDIUM,GREEN (40 sec)
717,17,3,9,5,2,80,MEDIUM,GREEN (40 sec)
718,17,3,9,5,2,80,MEDIUM,GREEN (40 sec)
719,17,3,9,5,2,80,MEDIUM,GREEN (40 sec)
720,17,3,9,5,2,80,MEDIUM,GREEN (40 sec)
721,17,3,9,5,2,80,MEDIUM,GREEN (40 sec)
722,16,3,8,5,2,82,MEDIUM,GREEN (40 sec)
723,16,3,8,5,2,82,MEDIUM,GREEN (40 sec)
724,15,3,8,4,2,82,MEDIUM,GREEN (40 sec)
725,17,3,9,5,2,82,MEDIUM,GREEN (40 sec)
726,17,3,10,4,2,83,MEDIUM,GREEN (40 sec)
727,16,3,9,4,2,83,MEDIUM,GREEN (40 sec)
728,17,3,9,5,2,83,MEDIUM,GREEN (40 sec)
729,16,3,9,4,2,83,MEDIUM,GREEN (40 sec)
730,16,3,9,4,2,83,MEDIUM,GREEN (40 sec)
731,16,4,8,4,2,83,MEDIUM,GREEN (40 sec)
732,17,4,8,5,2,83,MEDIUM,GREEN (40 sec)
733,17,3,10,4,2,83,MEDIUM,GREEN (40 sec)
734,18,3,10,5,2,83,HIGH,GREEN (60 sec)
735,18,3,10,5,2,83,HIGH,GREEN (60 sec)
736,18,4,9,5,2,83,HIGH,GREEN (60 sec)
737,19,5,9,5,3,83,HIGH,GREEN (60 sec)
738,19,5,9,5,3,83,HIGH,GREEN (60 sec)
739,19,5,9,5,3,83,HIGH,GREEN (60 sec)
740,18,4,9,5,3,83,HIGH,GREEN (60 sec)
741,17,4,9,4,3,83,MEDIUM,GREEN (40 sec)
742,17,4,9,4,3,83,MEDIUM,GREEN (40 sec)
743,17,4,9,4,3,83,MEDIUM,GREEN (40 sec)
744,16,4,9,3,3,83,MEDIUM,GREEN (40 sec)
745,17,4,9,4,3,83,MEDIUM,GREEN (40 sec)
746,16,4,9,3,3,83,MEDIUM,GREEN (40 sec)
747,16,4,9,3,3,83,MEDIUM,GREEN (40 sec)
748,15,4,8,3,3,83,MEDIUM,GREEN (40 sec)
749,15,4,8,3,3,83,MEDIUM,GREEN (40 sec)
750,15,4,8,3,3,83,MEDIUM,GREEN (40 sec)
751,15,4,8,3,3,83,MEDIUM,GREEN (40 sec)
752,15,4,8,3,3,83,MEDIUM,GREEN (40 sec)
753,15,4,8,3,3,83,MEDIUM,GREEN (40 sec)
754,15,4,8,3,3,83,MEDIUM,GREEN (40 sec)
755,15,4,8,3,3,83,MEDIUM,GREEN (40 sec)
756,15,4,8,3,3,83,MEDIUM,GREEN (40 sec)
757,16,4,9,3,3,83,MEDIUM,GREEN (40 sec)
758,16,4,9,3,3,83,MEDIUM,GREEN (40 sec)
759,15,4,9,2,3,83,MEDIUM,GREEN (40 sec)
760,16,4,9,3,3,83,MEDIUM,GREEN (40 sec)
761,16,4,9,3,3,83,MEDIUM,GREEN (40 sec)
762,16,4,9,3,3,83,MEDIUM,GREEN (40 sec)
763,16,4,9,3,3,83,MEDIUM,GREEN (40 sec)
764,17,4,10,3,3,83,MEDIUM,GREEN (40 sec)
765,17,4,10,3,3,83,MEDIUM,GREEN (40 sec)
766,17,4,10,3,3,83,MEDIUM,GREEN (40 sec)
767,17,4,10,3,3,83,MEDIUM,GREEN (40 sec)
768,18,4,11,3,3,83,HIGH,GREEN (60 sec)
769,17,4,11,2,3,83,MEDIUM,GREEN (40 sec)
770,17,4,11,2,3,83,MEDIUM,GREEN (40 sec)
771,17,4,11,2,3,83,MEDIUM,GREEN (40 sec)
772,17,4,11,2,3,83,MEDIUM,GREEN (40 sec)
773,17,4,11,2,3,83,MEDIUM,GREEN (40 sec)
774,17,4,11,2,3,83,MEDIUM,GREEN (40 sec)
775,17,4,11,2,3,84,MEDIUM,GREEN (40 sec)
776,17,4,11,2,3,84,MEDIUM,GREEN (40 sec)
777,17,4,11,2,3,84,MEDIUM,GREEN (40 sec)
778,17,4,11,2,3,84,MEDIUM,GREEN (40 sec)
779,17,4,11,2,3,84,MEDIUM,GREEN (40 sec)
780,17,4,11,2,3,84,MEDIUM,GREEN (40 sec)
781,18,4,12,2,3,85,HIGH,GREEN (60 sec)
782,18,4,12,2,3,85,HIGH,GREEN (60 sec)
783,17,3,12,2,3,85,MEDIUM,GREEN (40 sec)
784,16,3,11,2,3,85,MEDIUM,GREEN (40 sec)
785,16,3,11,2,3,85,MEDIUM,GREEN (40 sec)
786,16,3,11,2,3,85,MEDIUM,GREEN (40 sec)
787,16,3,11,2,3,85,MEDIUM,GREEN (40 sec)
788,16,3,11,2,3,85,MEDIUM,GREEN (40 sec)
789,16,3,11,2,3,85,MEDIUM,GREEN (40 sec)
790,16,3,11,2,3,85,MEDIUM,GREEN (40 sec)
791,16,3,11,2,3,85,MEDIUM,GREEN (40 sec)
792,16,3,11,2,3,85,MEDIUM,GREEN (40 sec)
793,16,3,11,2,3,85,MEDIUM,GREEN (40 sec)
794,16,3,11,2,3,85,MEDIUM,GREEN (40 sec)
795,16,3,11,2,3,85,MEDIUM,GREEN (40 sec)
